{"cameraMode":{"drawMode":0,"name":"Shaded","section":"Shading Mode"},"sceneLighting":true,"audioPlay":false,"sceneViewState":{"showFog":true,"showMaterialUpdate":false,"showSkybox":true,"showFlares":true,"showImageEffects":true,"showParticleSystems":true},"in2DMode":false,"pivot":{"x":0.18001222610473634,"y":0.19029474258422852,"z":0.7236783504486084},"rotation":{"x":-0.21269004046916963,"y":0.4652142822742462,"z":-0.11622007191181183,"w":-0.851372480392456},"size":3.007394790649414,"orthographic":false}